,Feature,Coefficient
0,Day_Number,-1086.99032223741
1,Fuel_Price,-48216.391818509874
2,CPI,26340.800129289277
3,Unemployment,121496.78325505121
